{"AUC": 0.9533449233507929, "confusion_matrix": {"_type": "image-file", "sha256": "9a3ccd92dad87f97f4a5732f80f7c9ad4fefc66c01dfd586f321b6b04d5cef89", "size": 92785, "path": "media/images/confusion_matrix_0_9a3ccd92dad87f97f4a5.png", "format": "png", "width": 1000, "height": 1000}, "_timestamp": 1665831135.9407585, "_runtime": 5.664050579071045, "_step": 0, "_wandb": {"runtime": 5}}